id,name,node
56891,蓉李记,https://static-res-prod-1257137391.cos.ap-beijing.myqcloud.com/71aec16a17a62f99ebd186dede8aa79d.jpg
56892,秀玉红茶坊,"https://static-res-prod-1257137391.cos.ap-beijing.myqcloud.com/6d684cde8f99996a257db6899daa97ad.jpg,https://res.beyonds.com/4e75ebea49e72845ecc822604c958f2d.jpg"
20924,ERDOS,https://static-res-prod-1257137391.cos.ap-beijing.myqcloud.com/1ae88897d42392d1fb242c4c91927308.jpg
56739,TIMBERLAND,https://static-res-prod-1257137391.cos.ap-beijing.myqcloud.com/226a29dc9736f744fa23428762e44e40.jpg
56807,Peace bird(F),"https://static-res-prod-1257137391.cos.ap-beijing.myqcloud.com/2aaab45db04791da44a89f34539c5de8.jpg,https://static-res-prod-1257137391.cos.ap-beijing.myqcloud.com/796aae74455cfbb86c95720e21dd169a.jpg"
56866,麦当劳,"https://static-res-prod-1257137391.cos.ap-beijing.myqcloud.com/a955d1207e59368e5f33fd73175f2d13.jpg,https://static-res-prod-1257137391.cos.ap-beijing.myqcloud.com/6caccbdaeb256410487d0b197212dcb3.jpg"
56295,SANI撒尼,"https://static-res-prod-1257137391.cos.ap-beijing.myqcloud.com/9b7d8ba0a4bd864f3fbee0fc317c7615.jpg,https://static-res-prod-1257137391.cos.ap-beijing.myqcloud.com/29cb747a5a17910fbafcbf72291a746d.jpg"
56168,忘不了,"https://static-res-prod-1257137391.cos.ap-beijing.myqcloud.com/d52fe84c702708e5743ed321b114c3c8.jpg,https://static-res-prod-1257137391.cos.ap-beijing.myqcloud.com/0dab376a4d14681a9669c4a2c27b8e45.jpg"
59834,爱辣屋咕噜鱼,"https://static-res-prod-1257137391.cos.ap-beijing.myqcloud.com/07716f1a86729de296f3f2d9e78d1e81.jpg,https://res.beyonds.com/01c6332c7711c72fc29176e0972e9092.jpg"
22731,皮尔卡丹内衣,"https://static-res-prod-1257137391.cos.ap-beijing.myqcloud.com/6a2ce9d7aadaa867cf07c72f4e066bfe.jpg,https://res.beyonds.com/0649021c3b69575b7d9d6d87b5ed4be1.jpg"
21766,LAXDN,"https://static-res-prod-1257137391.cos.ap-beijing.myqcloud.com/5aa22c5c19167237aca9de3ade481183.jpg,https://static-res-prod-1257137391.cos.ap-beijing.myqcloud.com/cef03aada45c2b830a70da862362cb3d.jpg"
11116,雅柔,"https://static-res-prod-1257137391.cos.ap-beijing.myqcloud.com/94ad1261a93c93f58a40fc9c9e2ebf3a.jpg,https://static-res-prod-1257137391.cos.ap-beijing.myqcloud.com/4d436aa86f363f9631fc2250da379c76.jpg"
22770,雅戈尔生活馆,"https://static-res-prod-1257137391.cos.ap-beijing.myqcloud.com/6deb49f8ca8faa6f0a30a21d0025e14e.jpg,https://static-res-prod-1257137391.cos.ap-beijing.myqcloud.com/f6f4237f88c59e7347d21435126d9d03.jpg"
22680,Vvhedy,"https://static-res-prod-1257137391.cos.ap-beijing.myqcloud.com/b4646d2cd1e75a64712f8f5076536306.jpg,https://static-res-prod-1257137391.cos.ap-beijing.myqcloud.com/4ff5157f66a6e0186a7b09165e3f7b50.jpg"
20917,Hazzys,"https://static-res-prod-1257137391.cos.ap-beijing.myqcloud.com/eb5446d436ebbf683eacb32f14899246.jpg,https://static-res-prod-1257137391.cos.ap-beijing.myqcloud.com/4b7bd30f418180f8799eb9812b5feedf.jpg"
56262,罗蒙,"https://static-res-prod-1257137391.cos.ap-beijing.myqcloud.com/6a28a361501e5f97c06837ab134f078a.jpg,https://static-res-prod-1257137391.cos.ap-beijing.myqcloud.com/0b63e801bf5e3a5d4c78344c2fb22c71.jpg"
11353,TRENDIANO,"https://static-res-prod-1257137391.cos.ap-beijing.myqcloud.com/5a1711f2b19c7fbd384dbeb5487c61b3.jpg,https://static-res-prod-1257137391.cos.ap-beijing.myqcloud.com/4291b5f6dcc8a8598d8d8018fd11969a.jpg"
70332,EAH CHANIE,"https://static-res-prod-1257137391.cos.ap-beijing.myqcloud.com/3c4531f0cc12c784d120272c2209e107.jpg,https://res.beyonds.com/906e1da34ae32a55e10960cc0097f8bc.jpg"
11419,MLB,"https://static-res-prod-1257137391.cos.ap-beijing.myqcloud.com/df1c01fdac134c79b473f7920df5637a.jpg,https://res.beyonds.com/5528c31c6bfb2a278f97f2ca809ae494.jpg"
20913,FILA,"https://static-res-prod-1257137391.cos.ap-beijing.myqcloud.com/a3b49b7ac7adb04002a6a6c6ec71459e.jpg,https://static-res-prod-1257137391.cos.ap-beijing.myqcloud.com/db3026c79dfebd7512a470fbddca258a.jpg"
11250,JNBY,"https://static-res-prod-1257137391.cos.ap-beijing.myqcloud.com/a8cfb6f14cd1a1ce8d472b4e2ef00858.jpg,https://static-res-prod-1257137391.cos.ap-beijing.myqcloud.com/a5d596b0a24577410c2c3d5fbc23c8b6.jpg"
15758,Adidas kids,"https://static-res-prod-1257137391.cos.ap-beijing.myqcloud.com/8938fa5ff75c7273cfa7d4502f2d1552.jpg,https://static-res-prod-1257137391.cos.ap-beijing.myqcloud.com/4c8c33b416103cd16aa81208bcdd7db9.jpg"
56769,浼,"https://static-res-prod-1257137391.cos.ap-beijing.myqcloud.com/47a1a69f816f38c1607ec0e3a37e9c64.jpg,https://res.beyonds.com/0aa5f0a6c621bfc4565df42e960b8231.jpg"
20959,波司登,"https://static-res-prod-1257137391.cos.ap-beijing.myqcloud.com/2e03a5683c5ac8f67d564c2e2e0e0a3c.jpg,https://static-res-prod-1257137391.cos.ap-beijing.myqcloud.com/7166f0d87a5f3091b19352269c3a86b8.jpg"
15744,爱美壹天,"https://static-res-prod-1257137391.cos.ap-beijing.myqcloud.com/84bbccd4329f4f9336854f24071005c8.jpg,https://static-res-prod-1257137391.cos.ap-beijing.myqcloud.com/ad6b9295c718cc7295f3e651273244a1.jpg"
10336,cabbeen,"https://static-res-prod-1257137391.cos.ap-beijing.myqcloud.com/3398f6868e576d2b45410bbd4730692e.jpg,https://static-res-prod-1257137391.cos.ap-beijing.myqcloud.com/241477f5fe9ac6b4d7a7d93e685cf52a.jpg"
12151,小柴米,"https://static-res-prod-1257137391.cos.ap-beijing.myqcloud.com/ff336745a87e2377ae082f2fb2f049c6.jpg,https://res.beyonds.com/58855bf2800bcea14cd80e8a473b567e.jpg"
56886,川厨,"https://static-res-prod-1257137391.cos.ap-beijing.myqcloud.com/7d31128355017869ffee5bf927dcb648.jpg,https://res.beyonds.com/80da3cf770fe5b61b67c242f643fe146.jpg"
11382,鲜芋仙,"https://static-res-prod-1257137391.cos.ap-beijing.myqcloud.com/93f6862703ac2d61fc93d8d314cce8a2.jpg,https://res.beyonds.com/b25d5b5b4a5d09ead4f4d5d07b8dac51.jpg"
56241,卡努希私人定制,"https://static-res-prod-1257137391.cos.ap-beijing.myqcloud.com/04bcafe7a889b15e584844cd4cb98e87.jpg,https://res.beyonds.com/69178a4b5f3d2869d113f2a1639ff89f.jpg"
56777,烧肉盛,"https://static-res-prod-1257137391.cos.ap-beijing.myqcloud.com/8f773eccded8b2e424244f81f109c3a1.jpg,https://res.beyonds.com/4b7ad8ad29e62cd94deb231c15c691a1.jpg"
56802,adidas originals,"https://static-res-prod-1257137391.cos.ap-beijing.myqcloud.com/f6b9f0a9631cdf9e3a3e0c2e5be87407.jpg,https://res.beyonds.com/d0626a4c604b08740868adc9acdaf271.jpg"
21741,艾莱依,"https://static-res-prod-1257137391.cos.ap-beijing.myqcloud.com/ccc27d069af8266be24683c15d04d23f.jpg,https://res.beyonds.com/6ec41151840316392607e12fa4b0db41.jpg"
21764,mybody,"https://static-res-prod-1257137391.cos.ap-beijing.myqcloud.com/f50f1076737e3abc4c59186d8f8ede51.jpg,https://res.beyonds.com/34852e70845b62970a5eed3a8fdb52a1.jpg"
56325,PUMA,"https://static-res-prod-1257137391.cos.ap-beijing.myqcloud.com/f4f8c01d6b0c124f2db3bc0de8cf4a4a.jpg,https://res.beyonds.com/a0e82d602abe146059e7803c528ab400.jpg"
56332,adidas,"https://static-res-prod-1257137391.cos.ap-beijing.myqcloud.com/d06efc2a815f4ea7363a11c523c5ede3.jpg,https://res.beyonds.com/f7c9db6448fa1c7dbf5de366b5e5e068.jpg"
12168,渔,"https://static-res-prod-1257137391.cos.ap-beijing.myqcloud.com/15c91979ca2bf3a859f5480f2639ab9c.jpg,https://res.beyonds.com/cec2908e304b632bc820490e39c8fb7e.jpg"
51630,雅典娜眼镜,"https://static-res-prod-1257137391.cos.ap-beijing.myqcloud.com/95658cf3da1ebb30e352a7740a959648.jpg,https://res.beyonds.com/ae3535b6bba7f15ef5b323cc34d2bdb2.jpg"
12486,麦吉丽,"https://static-res-prod-1257137391.cos.ap-beijing.myqcloud.com/87f6d40ab41356cc8beb5880f779c370.jpg,https://res.beyonds.com/c629e635212060d2345717367d7ed213.jpg"
56879,骨味坊,"https://static-res-prod-1257137391.cos.ap-beijing.myqcloud.com/67587f669bf71f60189ef8a063defeae.jpg,https://res.beyonds.com/e9754db0bff5569d6c0410d0b4320680.jpg"
26305,湘耕小灶,"https://static-res-prod-1257137391.cos.ap-beijing.myqcloud.com/998b654ea441049daf56f6eb29ea8159.jpg,https://res.beyonds.com/5033fab0e88f22dff5c10d5db78f11b6.jpg"
22745,POLO SPORT,"https://static-res-prod-1257137391.cos.ap-beijing.myqcloud.com/d5c5fc973a9bec3472b7ba0553c09697.jpg,https://static-res-prod-1257137391.cos.ap-beijing.myqcloud.com/17286ea29c20e29a79ee2de3ffc4a57b.jpg"
56334,coco都可,https://static-res-prod-1257137391.cos.ap-beijing.myqcloud.com/ab66a58e415289bbf15947026bc04225.jpg
56853,星巴克,https://static-res-prod-1257137391.cos.ap-beijing.myqcloud.com/570cb1530127bcda641875d66652d1ce.jpg
26312,凯菲特健身,https://static-res-prod-1257137391.cos.ap-beijing.myqcloud.com/1a349fc1050ca4dbc4fbdb5996cfb72a.jpg
56847,瑞幸咖啡,https://static-res-prod-1257137391.cos.ap-beijing.myqcloud.com/cb972959405292c99e73662aa282e0cf.jpg
66878,洛小米,https://static-res-prod-1257137391.cos.ap-beijing.myqcloud.com/ee85f336373142acb694fd6cb19e99ee.jpg
15798,万达宝贝王早教中心,https://static-res-prod-1257137391.cos.ap-beijing.myqcloud.com/28259bb05966ff4ac300660766b3e89f.jpg
56815,京东之家,https://static-res-prod-1257137391.cos.ap-beijing.myqcloud.com/dd1bd660d0d0374b73e83aef2ebb6bce.jpg
12440,LEE,https://static-res-prod-1257137391.cos.ap-beijing.myqcloud.com/a11419f35446cea27262194631f269d9.jpg
59306,西湖万达客服台,https://static-res-prod-1257137391.cos.ap-beijing.myqcloud.com/c51308b3940a7de07ba4dd7812d943da.jpg
56796,ck手表,https://static-res-prod-1257137391.cos.ap-beijing.myqcloud.com/4ce00d73bfebc391fcb06d23798f51f1.jpg
15695,三福,https://static-res-prod-1257137391.cos.ap-beijing.myqcloud.com/aaad2fa7e83f54bbd79696d8a3dd2a79.jpg
64092,米刺,https://static-res-prod-1257137391.cos.ap-beijing.myqcloud.com/a015f0b6344b6ed071f53f75d89dd258.jpg
70322,#尚品宅配（西湖万达店）,https://static-res-prod-1257137391.cos.ap-beijing.myqcloud.com/38a3f7423719ec858e98c84caa226d11.jpg
70324,SNSUKI（西湖万达店）,https://static-res-prod-1257137391.cos.ap-beijing.myqcloud.com/afcf92f49380ce6ce00584d5b91e934e.jpg
70340, #LILANZ（西湖万达店）,https://static-res-prod-1257137391.cos.ap-beijing.myqcloud.com/2d0dbc406fa33034ea995b98d2a73703.jpg
70343,#依尚街区（西湖万达店）,https://static-res-prod-1257137391.cos.ap-beijing.myqcloud.com/6a8deed543afb4ecd0884c93ef78cec1.jpg
70351,#海澜之家（西湖万达店）,https://static-res-prod-1257137391.cos.ap-beijing.myqcloud.com/63787c5ecb739ab2af24ce7f4bf3c0a1.jpg
70352,追银族（西湖万达店）,https://static-res-prod-1257137391.cos.ap-beijing.myqcloud.com/e0f3d344a837622011ec0d4f3a5e9d50.jpg
70353,LiNing(西湖万达店),https://static-res-prod-1257137391.cos.ap-beijing.myqcloud.com/a34606c46f2ac47c5d6a47820599e496.jpg
18452,米芝莲,https://static-res-prod-1257137391.cos.ap-beijing.myqcloud.com/f1fe89e9d08da018e0797ce1acaeee6b.jpg
56768,黄氏正轩,https://static-res-prod-1257137391.cos.ap-beijing.myqcloud.com/e3748cb2d60b55d72a687cd2e73cb809.jpg
70358,#苏宁易购（西湖万达店）,https://static-res-prod-1257137391.cos.ap-beijing.myqcloud.com/121638bdb9c463b5a02eb9809ba8086c.jpg
20920,BOY LONDON,https://static-res-prod-1257137391.cos.ap-beijing.myqcloud.com/7a109fc675622e158916319abf4569f0.jpg
56328,adidas neo,https://static-res-prod-1257137391.cos.ap-beijing.myqcloud.com/383e09817d1c11ca51c19081d190dac0.jpg
56346,nike kids,https://static-res-prod-1257137391.cos.ap-beijing.myqcloud.com/798773ba7868ca83e8c5e44831642191.jpg
15921,三不牛腩,https://static-res-prod-1257137391.cos.ap-beijing.myqcloud.com/21280d4213ea8638e7a10f09dd39bee9.jpg
12185,ID,https://static-res-prod-1257137391.cos.ap-beijing.myqcloud.com/d30371dac9398aa3d4c51f8dfdaf4033.jpg
22641,古鲨,"https://static-res-prod-1257137391.cos.ap-beijing.myqcloud.com/9eb33723b695342760b95f970a2ffc78.jpg,https://static-res-prod-1257137391.cos.ap-beijing.myqcloud.com/4beb3ef0ab1e8c7dcbe4e9d4dfb63efb.jpg"
12232,Tommy Hilfiger,"https://static-res-prod-1257137391.cos.ap-beijing.myqcloud.com/1bd268fe21c3bf5f2d61353cc8281da6.jpg,https://static-res-prod-1257137391.cos.ap-beijing.myqcloud.com/3889052dea78a88fb48d676226709984.jpg"
22089,李宁,"https://static-res-prod-1257137391.cos.ap-beijing.myqcloud.com/702799a649b9d929cb7c8eebf8df60df.jpg,https://static-res-prod-1257137391.cos.ap-beijing.myqcloud.com/3a850f53853f5ff7697b3ee3b39ffcbe.jpg"
22127,丽婴房,"https://static-res-prod-1257137391.cos.ap-beijing.myqcloud.com/a0b6cd4311d4eb09636436e38d812761.jpg,https://static-res-prod-1257137391.cos.ap-beijing.myqcloud.com/4f0e45c631280abdc0717bb59ab03f51.jpg"
12043,G2000,"https://static-res-prod-1257137391.cos.ap-beijing.myqcloud.com/bd27e2f41d104f7646c6484c0146a86f.jpg,https://static-res-prod-1257137391.cos.ap-beijing.myqcloud.com/ef03f891bcc6a1d1fdec637175020592.jpg"
11994,AMASS,"https://static-res-prod-1257137391.cos.ap-beijing.myqcloud.com/f8b45bf3303d812b47bae17ff7ebaf0d.jpg,https://static-res-prod-1257137391.cos.ap-beijing.myqcloud.com/25e07e7e84792e48cb01be5508aa92e2.jpg"
12028,RUIFEI,"https://static-res-prod-1257137391.cos.ap-beijing.myqcloud.com/e13c459af5d1cb8a33e822af7cfad8ac.jpg,https://static-res-prod-1257137391.cos.ap-beijing.myqcloud.com/d89873d2f7a452a61617c2cec536ccee.jpg"
10568,SHOP1972,"https://static-res-prod-1257137391.cos.ap-beijing.myqcloud.com/95280a48d4f85d495748dc61f702be2a.jpg,https://static-res-prod-1257137391.cos.ap-beijing.myqcloud.com/c991781fe0f079304c64c2e67a81db24.jpg"
10081,劲霸,"https://static-res-prod-1257137391.cos.ap-beijing.myqcloud.com/0f64344de34429baabd0aece3208e49d.jpg,https://static-res-prod-1257137391.cos.ap-beijing.myqcloud.com/2f509e86f64e63f4ad05d775e47dd7d1.jpg"
11976,VICUTU,https://static-res-prod-1257137391.cos.ap-beijing.myqcloud.com/3066ec621c799e326e00af3810ec5158.jpg
10611,Ｉ,"https://static-res-prod-1257137391.cos.ap-beijing.myqcloud.com/e4e141befe7e7ce3020d3dc276c8bfd1.jpg,https://static-res-prod-1257137391.cos.ap-beijing.myqcloud.com/ca753964f0aebe37d6671c3866f8777a.jpg"
9915,嫣红名裙,"https://static-res-prod-1257137391.cos.ap-beijing.myqcloud.com/1682b6fc72eddc20b8ba1b70895ae77f.jpg,https://static-res-prod-1257137391.cos.ap-beijing.myqcloud.com/f1309cfe7f1b615b68030b38c5f11689.jpg"
15303,小象Q比,"https://static-res-prod-1257137391.cos.ap-beijing.myqcloud.com/5ec757f156c19d56ddf08f147c0f3909.jpg,https://static-res-prod-1257137391.cos.ap-beijing.myqcloud.com/b3e110c414857a95cac7b5d98cc029ff.jpg"
10311,经典保罗,"https://static-res-prod-1257137391.cos.ap-beijing.myqcloud.com/c3e97f859e3374ae00e51dba1d73be2e.jpg,https://static-res-prod-1257137391.cos.ap-beijing.myqcloud.com/9cdbd2d7d585c5c3f4e96f01260f6611.jpg"
15780,万达宝贝王,https://static-res-prod-1257137391.cos.ap-beijing.myqcloud.com/2dc5b9db6c05ee535634947a0fcfcbc0.jpg
11462,CK PERFORMANCE,"https://static-res-prod-1257137391.cos.ap-beijing.myqcloud.com/6abd0cd69608dbe60b06b6a21a89dfe3.jpg,https://static-res-prod-1257137391.cos.ap-beijing.myqcloud.com/57a07e5b3c48a7b3483c0599e3effcb4.jpg"
10986,樊文花,"https://static-res-prod-1257137391.cos.ap-beijing.myqcloud.com/b7757c15455410114c6fd100c4fe19cd.jpg,https://static-res-prod-1257137391.cos.ap-beijing.myqcloud.com/831305616c2a5cde204a3a00401bf257.jpg"
11515,CK JEANS,"https://static-res-prod-1257137391.cos.ap-beijing.myqcloud.com/c472be5d87245035ca959460b315cce2.jpg,https://static-res-prod-1257137391.cos.ap-beijing.myqcloud.com/fc6c6c4222a4b6d8a101b8166205ad58.jpg"
18458,黑泷堂,"https://static-res-prod-1257137391.cos.ap-beijing.myqcloud.com/e924e629d1ab508cb7506476b6643243.jpg,https://static-res-prod-1257137391.cos.ap-beijing.myqcloud.com/5e96fa3ebe9752d96f151d14c296ff75.jpg"
64084,遐,https://static-res-prod-1257137391.cos.ap-beijing.myqcloud.com/85320cfdd3ec5dda1f3521175bb5a7ed.jpg
63587,Onitsuka Tiger,https://static-res-prod-1257137391.cos.ap-beijing.myqcloud.com/f763ec7d8e038f2629f00d09326a54a0.jpg
64178,日童仓库,https://static-res-prod-1257137391.cos.ap-beijing.myqcloud.com/babe8a1ec9b81d662fd05e9356d29fde.jpg
56765,长野料理,"https://static-res-prod-1257137391.cos.ap-beijing.myqcloud.com/9f3d28af7ff1714143c62ce16f7f53b5.jpg,https://static-res-prod-1257137391.cos.ap-beijing.myqcloud.com/19344d9102eeb02565b07b8a84103635.jpg"
59872,西西弗书店,"https://static-res-prod-1257137391.cos.ap-beijing.myqcloud.com/67c7be97496da604e6b4e7ce219d00c4.jpg,https://static-res-prod-1257137391.cos.ap-beijing.myqcloud.com/98c16f6a487b8d0050ef8fd9a9186e15.jpg"
16157,安尼亲谷,"https://static-res-prod-1257137391.cos.ap-beijing.myqcloud.com/9bed18c853fc30a8e5fe8660efcacb55.jpg,https://static-res-prod-1257137391.cos.ap-beijing.myqcloud.com/b76c61b3563649ecf34b8653dd42ee26.jpg"
46172,凡塔斯,"https://static-res-prod-1257137391.cos.ap-beijing.myqcloud.com/73f5c7a57bf8f898fd97f0b7195016f2.jpg,https://static-res-prod-1257137391.cos.ap-beijing.myqcloud.com/e814e2f8d747347e25a699465c530fee.jpg"
56759,赣菜真湘,"https://static-res-prod-1257137391.cos.ap-beijing.myqcloud.com/a954b2eb1759fd72ba693935d824f237.jpg,https://static-res-prod-1257137391.cos.ap-beijing.myqcloud.com/14b89245375b9170fb5e8b5910ca024f.jpg"
56871,这条街面包坊,"https://static-res-prod-1257137391.cos.ap-beijing.myqcloud.com/f1b77d1d0cdc91208272395ece2c44f5.jpg,https://static-res-prod-1257137391.cos.ap-beijing.myqcloud.com/795bf2c1c70e9fa7ee32e1d3dd02c3d4.jpg"
56889,蛙先生,"https://static-res-prod-1257137391.cos.ap-beijing.myqcloud.com/fa4f37cc2210e264d9aecb1222026189.jpg,https://static-res-prod-1257137391.cos.ap-beijing.myqcloud.com/0b2649b7320d5dbbad1a3dc07fd4c3de.jpg"
26300,那玻比萨,"https://static-res-prod-1257137391.cos.ap-beijing.myqcloud.com/b77f5ffad77b6f8fc3a078db3ec4b922.jpg,https://static-res-prod-1257137391.cos.ap-beijing.myqcloud.com/9ad7b608de6fe89d41fe61983e567efb.jpg"
56225,九牧王,"https://static-res-prod-1257137391.cos.ap-beijing.myqcloud.com/88e30dee205c1eb87dd695caf0286d74.jpg,https://static-res-prod-1257137391.cos.ap-beijing.myqcloud.com/806db4380bb63554ffc1e401aad275e2.jpg"
56750,辣椒炒肉,"https://static-res-prod-1257137391.cos.ap-beijing.myqcloud.com/607e524fb916630e49636148758f5633.jpg,https://static-res-prod-1257137391.cos.ap-beijing.myqcloud.com/a1e6af0b8d33c8060b20e4fb8ebf10fc.jpg"
56781,齐舞空间,"https://static-res-prod-1257137391.cos.ap-beijing.myqcloud.com/9c1d0c5ca3fd353af79aa35b0a3e2b4d.jpg,https://static-res-prod-1257137391.cos.ap-beijing.myqcloud.com/6b5779a3fe65757afad2b59a88655c6f.jpg"
22085,杰克熊,"https://static-res-prod-1257137391.cos.ap-beijing.myqcloud.com/2d997e93a28c4794aec93956f8cd2142.jpg,https://static-res-prod-1257137391.cos.ap-beijing.myqcloud.com/a96b389baad7e3b222451e4e375f1e1b.jpg"
22118,光明园迪学习桌,"https://static-res-prod-1257137391.cos.ap-beijing.myqcloud.com/93f7b77b705f8ec73334ed1e28195f16.jpg,https://static-res-prod-1257137391.cos.ap-beijing.myqcloud.com/5e346cdbca88f7db7e5228300e46da70.jpg"
22684,萱子,"https://static-res-prod-1257137391.cos.ap-beijing.myqcloud.com/cf1ba1c8ff16dddd9344af8506f857ef.jpg,https://static-res-prod-1257137391.cos.ap-beijing.myqcloud.com/c220234a45559ff750a0e0071b2d1a1b.jpg"
56369,云米全屋互联网家电,"https://static-res-prod-1257137391.cos.ap-beijing.myqcloud.com/4b9eeef077fd6ef827fd54b3151fa425.jpg,https://static-res-prod-1257137391.cos.ap-beijing.myqcloud.com/9f21cb22a40ac7b5ab2e06e2250dbaad.jpg"
56932,SEPHORA,"https://static-res-prod-1257137391.cos.ap-beijing.myqcloud.com/23b6d5c67be28f543076dad30c51d3f6.jpg,https://static-res-prod-1257137391.cos.ap-beijing.myqcloud.com/940b2f368cce24d6314a680bcc0f6ad7.jpg"
20933,THE SHOES BAR,"https://static-res-prod-1257137391.cos.ap-beijing.myqcloud.com/55b3baa0121023021cd7bb33148a4b78.jpg,https://static-res-prod-1257137391.cos.ap-beijing.myqcloud.com/88d80ab6f712a2eefa4eda5a1eda2512.jpg"
56296,奥买家全球购,"https://static-res-prod-1257137391.cos.ap-beijing.myqcloud.com/c5415c638dc625c575148eb65fcea729.jpg,https://static-res-prod-1257137391.cos.ap-beijing.myqcloud.com/a72090a04603921cd2d184367632893f.jpg"
56824,华为,"https://static-res-prod-1257137391.cos.ap-beijing.myqcloud.com/0246e4e8904c8cbfe9504457221f0c68.jpg,https://static-res-prod-1257137391.cos.ap-beijing.myqcloud.com/393d26a4eb642964dd0977fcade07673.jpg"
56165,DC SUPER HEROES,"https://static-res-prod-1257137391.cos.ap-beijing.myqcloud.com/f65af6a76d9d99b54f675b6fe959aec0.jpg,https://static-res-prod-1257137391.cos.ap-beijing.myqcloud.com/36d674ddae84f06d4fa3c3fab8cb9b15.jpg"
22740,BSIJA,"https://static-res-prod-1257137391.cos.ap-beijing.myqcloud.com/790c86e5a49272f585b021890e5b9127.jpg,https://static-res-prod-1257137391.cos.ap-beijing.myqcloud.com/ca2ca8df8b38d72700614164afc260e5.jpg"
56318,索菲亚全屋定制,"https://static-res-prod-1257137391.cos.ap-beijing.myqcloud.com/adecac7dd0a398af61600c13b7164952.jpg,https://static-res-prod-1257137391.cos.ap-beijing.myqcloud.com/2b581eeac70fbd932c3e60cf802aae1a.jpg"
22651,亨利风尚,"https://static-res-prod-1257137391.cos.ap-beijing.myqcloud.com/f3d61918e7354593e39567a577fecb0f.jpg,https://static-res-prod-1257137391.cos.ap-beijing.myqcloud.com/46f2e4c131d1c7e8634df1a8a96efb01.jpg"
51620,红谷,"https://static-res-prod-1257137391.cos.ap-beijing.myqcloud.com/54f45135eb394905fd1a9d7ad411901e.jpg,https://static-res-prod-1257137391.cos.ap-beijing.myqcloud.com/ccc6c10c50b346dcc3f29d1eae4a264c.jpg"
22759,IRA,"https://static-res-prod-1257137391.cos.ap-beijing.myqcloud.com/c9115e5c79ec68feccd35bd88a027fcb.jpg,https://static-res-prod-1257137391.cos.ap-beijing.myqcloud.com/d5242b7e209462261a2f8c28b434d31c.jpg"
56862,矢量咖啡,"https://static-res-prod-1257137391.cos.ap-beijing.myqcloud.com/fea0aac74e018f541fb204b25942ee95.jpg,https://static-res-prod-1257137391.cos.ap-beijing.myqcloud.com/aea21e2f71f42a53199d100c1f463896.jpg"
22713,森林鸟,"https://static-res-prod-1257137391.cos.ap-beijing.myqcloud.com/e03d023d8460165a75cbc0b0f01d48ba.jpg,https://static-res-prod-1257137391.cos.ap-beijing.myqcloud.com/51a443a2b0a35a25886529737ef16c35.jpg"
33722,屈臣氏,"https://static-res-prod-1257137391.cos.ap-beijing.myqcloud.com/e355230615fe723d5492611163770041.jpg,https://static-res-prod-1257137391.cos.ap-beijing.myqcloud.com/4c9ce0f8467fc6cdf42acdc2c0fa8f2c.jpg"
56320,NIKE,"https://static-res-prod-1257137391.cos.ap-beijing.myqcloud.com/093f62dc68a9f78e72fe278883125074.jpg,https://static-res-prod-1257137391.cos.ap-beijing.myqcloud.com/0338793452225f666f556712e828e870.jpg"
56201,hotwind,"https://static-res-prod-1257137391.cos.ap-beijing.myqcloud.com/2f6ddb0d11cb06357fb08ef1af4c37bb.jpg,https://static-res-prod-1257137391.cos.ap-beijing.myqcloud.com/8f7d25c93176367567f51ce618b5fb66.jpg"
22720,miidii,"https://static-res-prod-1257137391.cos.ap-beijing.myqcloud.com/512025716f970460dcc7feba96857f7d.jpg,https://static-res-prod-1257137391.cos.ap-beijing.myqcloud.com/33f950cbe76aeba7e0a78163074e09fb.jpg"
56958,海澜之家,"https://static-res-prod-1257137391.cos.ap-beijing.myqcloud.com/c2456c165370b6c856a811aadd87caf4.jpg,https://static-res-prod-1257137391.cos.ap-beijing.myqcloud.com/8512d0bada5a64c0e2493b4d0bb363ed.jpg"
10654,歌瑞尔,"https://static-res-prod-1257137391.cos.ap-beijing.myqcloud.com/1ada68967b1e6d19541667c89b93dbe2.jpg,https://static-res-prod-1257137391.cos.ap-beijing.myqcloud.com/28e5ec530bdfdb3b24248b7a6e052677.jpg"
10739,佰草集,"https://static-res-prod-1257137391.cos.ap-beijing.myqcloud.com/7c1c8382df9ff910638658e58ae0ca10.jpg,https://static-res-prod-1257137391.cos.ap-beijing.myqcloud.com/b50939662062edcbadbf236d1d32d4c5.jpg"
22748,GXG,"https://static-res-prod-1257137391.cos.ap-beijing.myqcloud.com/4a2948492c5490f763870c44bca4b9e9.jpg,https://static-res-prod-1257137391.cos.ap-beijing.myqcloud.com/f7a3606af69b781e8f18cd90c519dc47.jpg"
22752,peace bird(M),"https://static-res-prod-1257137391.cos.ap-beijing.myqcloud.com/939ced0bcf6f345ad50f69288c255314.jpg,https://static-res-prod-1257137391.cos.ap-beijing.myqcloud.com/312dc35555d2d0e5983a90b28ed0a174.jpg"
56255,LILANZ利郎,"https://static-res-prod-1257137391.cos.ap-beijing.myqcloud.com/badffc5b4af186a31502c88bd07ff5c8.jpg,https://static-res-prod-1257137391.cos.ap-beijing.myqcloud.com/3c922fd3cc292c01e083457b892a06fd.jpg"
15340,护童学习桌,"https://static-res-prod-1257137391.cos.ap-beijing.myqcloud.com/3e6b04ef512e8c7fa5084c5c8630f3e2.jpg,https://static-res-prod-1257137391.cos.ap-beijing.myqcloud.com/3bfae4d9ed8418c93314d49e68fe4066.jpg"
22070,男生女生,"https://static-res-prod-1257137391.cos.ap-beijing.myqcloud.com/006cefb8866ad53075fff3cb5a10a51d.jpg,https://static-res-prod-1257137391.cos.ap-beijing.myqcloud.com/99b6be14274ca565123b45da5f282189.jpg"
56272,依尚街区,"https://static-res-prod-1257137391.cos.ap-beijing.myqcloud.com/e80b578f9cb00378a0f36e03d2392577.jpg,https://static-res-prod-1257137391.cos.ap-beijing.myqcloud.com/4891cb9d52a29d126d9b64d98310d8c7.jpg"
56315,时尚生活,"https://static-res-prod-1257137391.cos.ap-beijing.myqcloud.com/3d9f526a7c326af0944feef3ee155b67.jpg,https://static-res-prod-1257137391.cos.ap-beijing.myqcloud.com/356d122f8ef2854f086871f4ae187ef4.jpg"
15396,Master Lee,"https://static-res-prod-1257137391.cos.ap-beijing.myqcloud.com/3c288cc2d5aa2f540de96b7c1940b126.jpg,https://static-res-prod-1257137391.cos.ap-beijing.myqcloud.com/1dd3d6e40a1559794afaab8d31e1b922.jpg"
22010,艾力斯特,"https://static-res-prod-1257137391.cos.ap-beijing.myqcloud.com/3675409645bf41e18ab743c3332f1e1d.jpg,https://static-res-prod-1257137391.cos.ap-beijing.myqcloud.com/0e9dc95f1778a429d6111da9c41afc9d.jpg"
22029,童学馆,"https://static-res-prod-1257137391.cos.ap-beijing.myqcloud.com/3be2f18f6caa29278dd78617a9213177.jpg,https://static-res-prod-1257137391.cos.ap-beijing.myqcloud.com/7591cb3538f565aaa1e1009a6a7d6306.jpg"
56372,孩子王,"https://static-res-prod-1257137391.cos.ap-beijing.myqcloud.com/ed42c4442941c6e5c735c759a00289be.jpg,https://static-res-prod-1257137391.cos.ap-beijing.myqcloud.com/6b170bb9503adb274c468875d28d5f02.jpg"
15595,荣和堂,"https://static-res-prod-1257137391.cos.ap-beijing.myqcloud.com/e72d3c6ca8ffcbdefd3bd683d01cbb29.jpg,https://static-res-prod-1257137391.cos.ap-beijing.myqcloud.com/23ded9333271cd334283ab686748ef15.jpg"
56352,玖的VR,"https://static-res-prod-1257137391.cos.ap-beijing.myqcloud.com/080d1a9b29216565a15026676d4da926.jpg,https://static-res-prod-1257137391.cos.ap-beijing.myqcloud.com/b12cf73a2a7daa4a2733ae0d7f6e59be.jpg"
22079,江博士,"https://static-res-prod-1257137391.cos.ap-beijing.myqcloud.com/e8ff8c6b988642eb0c11e00d88829f86.jpg,https://static-res-prod-1257137391.cos.ap-beijing.myqcloud.com/4c8c832cf8683002b22e1a904f6cd495.jpg"
20939,FIVE PLUS,"https://static-res-prod-1257137391.cos.ap-beijing.myqcloud.com/d38b516cb5cbfc318b888b0b6c17055b.jpg,https://static-res-prod-1257137391.cos.ap-beijing.myqcloud.com/9bbbb9552bd9421b489833a71166f2e0.jpg"
56350,小天才,"https://static-res-prod-1257137391.cos.ap-beijing.myqcloud.com/035ebb6224a3b69612cde76761c15064.jpg,https://static-res-prod-1257137391.cos.ap-beijing.myqcloud.com/09707bc32966f211c1234265f41e45ae.jpg"
20945,老凤祥,"https://static-res-prod-1257137391.cos.ap-beijing.myqcloud.com/568cfb1bc018b7f79689ca563dc773fb.jpg,https://static-res-prod-1257137391.cos.ap-beijing.myqcloud.com/808d0cc7d5792cf11fb57ba9997b10ba.jpg"
56894,VANS,"https://static-res-prod-1257137391.cos.ap-beijing.myqcloud.com/7135a0bde6496b07dcc7102d7ed0abc3.jpg,https://static-res-prod-1257137391.cos.ap-beijing.myqcloud.com/07ebaad79b5b731fcbe5487701a922e1.jpg"
20931,小米专卖店,"https://static-res-prod-1257137391.cos.ap-beijing.myqcloud.com/4819b47c95214cbb96f016f95f188c43.jpg,https://static-res-prod-1257137391.cos.ap-beijing.myqcloud.com/7c466c57dfedbd52c6ee8c2df3d0a282.jpg"
56793,Tissot,"https://static-res-prod-1257137391.cos.ap-beijing.myqcloud.com/4b1ccd9f6db8c2d09ec441ac75161f0d.jpg,https://static-res-prod-1257137391.cos.ap-beijing.myqcloud.com/d6c81af96c20a47bf8d3b10297fa5446.jpg"
56833,周大福,"https://static-res-prod-1257137391.cos.ap-beijing.myqcloud.com/da4ee0475c93bf37e6cdc006f0752414.jpg,https://static-res-prod-1257137391.cos.ap-beijing.myqcloud.com/bfab8b927526f2249183dfcef2fa77ed.jpg"
56162,Leysen1855 莱绅通灵,"https://static-res-prod-1257137391.cos.ap-beijing.myqcloud.com/ed427a11140f33aafa11ed920b957ef7.jpg,https://static-res-prod-1257137391.cos.ap-beijing.myqcloud.com/c17a26ba4e968e1dee59d8cdc47e2661.jpg"
20927,OPPO,"https://static-res-prod-1257137391.cos.ap-beijing.myqcloud.com/aa8f1c288ddbbb3661041605925b9b71.jpg,https://static-res-prod-1257137391.cos.ap-beijing.myqcloud.com/b8d54907e8c57116cff7bc5e7d1fbbf9.jpg"
56876,CHARLES&KEITH,"https://static-res-prod-1257137391.cos.ap-beijing.myqcloud.com/87418701d3cf9e218b2c1aedbb0b74a7.jpg,https://static-res-prod-1257137391.cos.ap-beijing.myqcloud.com/a11015a0e9a8869dce86056f07f9a133.jpg"
12381,克徕帝,"https://static-res-prod-1257137391.cos.ap-beijing.myqcloud.com/19136feaf4049e2ad653ec17a5e2d6ee.jpg,https://static-res-prod-1257137391.cos.ap-beijing.myqcloud.com/b29b0884762f681f7dc181cdcc558102.jpg"
56033,千姿瑾,"https://static-res-prod-1257137391.cos.ap-beijing.myqcloud.com/ce02f48c6a83a154a1cfb76a6231964d.jpg,https://static-res-prod-1257137391.cos.ap-beijing.myqcloud.com/d79011a0d4917a9306d7e25579c60cf1.jpg"
12103,谢瑞麟,"https://static-res-prod-1257137391.cos.ap-beijing.myqcloud.com/d356ada2ac58fb3809476dd2ec8762c7.jpg,https://static-res-prod-1257137391.cos.ap-beijing.myqcloud.com/4bdfa35ef23ec527c02b8d7f56fc37e4.jpg"
12418,鸿来福,"https://static-res-prod-1257137391.cos.ap-beijing.myqcloud.com/3ead67b41d8f0f39123eea354f7c3522.jpg,https://static-res-prod-1257137391.cos.ap-beijing.myqcloud.com/113dfcf94e00d3cc3268f739e16ec855.jpg"
20922,SNSUKI,"https://static-res-prod-1257137391.cos.ap-beijing.myqcloud.com/b4c382463fa4d872749a427027d895d7.jpg,https://static-res-prod-1257137391.cos.ap-beijing.myqcloud.com/18a63164d60f6acfaa01466c01a3f726.jpg"
56351,LILY NAILS,"https://static-res-prod-1257137391.cos.ap-beijing.myqcloud.com/b2a2edcd6d51bd4e798b9edbc5f34d2e.jpg,https://static-res-prod-1257137391.cos.ap-beijing.myqcloud.com/7cc91438ccb0ed0aad53d3e02897779e.jpg"
15285,左印国际美术教育,"https://static-res-prod-1257137391.cos.ap-beijing.myqcloud.com/8a5c890d0865015522cd058f4a15695e.jpg,https://static-res-prod-1257137391.cos.ap-beijing.myqcloud.com/755c22fd498d623abe24cdb07deb1391.jpg"
15378,工具箱家居饰品,"https://static-res-prod-1257137391.cos.ap-beijing.myqcloud.com/ba99bfc44ca149ef1ac24663eef77086.jpg,https://static-res-prod-1257137391.cos.ap-beijing.myqcloud.com/11b235a793e80fc800035e435feebd0e.jpg"
15644,邻家儿女,"https://static-res-prod-1257137391.cos.ap-beijing.myqcloud.com/ce1eb9e3871e9efc4ec8613db87f2525.jpg,https://static-res-prod-1257137391.cos.ap-beijing.myqcloud.com/8fbb6ee7ad2df83fc7eb0017010b82d7.jpg"
15679,LAZBOY,"https://static-res-prod-1257137391.cos.ap-beijing.myqcloud.com/ee3dd7613aded77da7e6e2009a596af5.jpg,https://static-res-prod-1257137391.cos.ap-beijing.myqcloud.com/4d74be8f0bad61a0471d6146180dcc2d.jpg"
22007,艾美家,"https://static-res-prod-1257137391.cos.ap-beijing.myqcloud.com/cedf98a9e88350809bf198a569edf6af.jpg,https://static-res-prod-1257137391.cos.ap-beijing.myqcloud.com/904338be92ef9502babe426cd73cdfaf.jpg"
56349,乖乖真棒,"https://static-res-prod-1257137391.cos.ap-beijing.myqcloud.com/940633ae8aafde380d72c29d690ebe3f.jpg,https://static-res-prod-1257137391.cos.ap-beijing.myqcloud.com/35b7f824ad76a63fde0d149bba82adb3.jpg"
56366,总裁装饰,"https://static-res-prod-1257137391.cos.ap-beijing.myqcloud.com/fc39700db81ff227f6bc5996807421c4.jpg,https://static-res-prod-1257137391.cos.ap-beijing.myqcloud.com/2b50b8be3016b64412c3a16cf513af33.jpg"
15808,大玩家,"https://static-res-prod-1257137391.cos.ap-beijing.myqcloud.com/b18c261e5da09eeae1695caeb22d17ef.jpg,https://static-res-prod-1257137391.cos.ap-beijing.myqcloud.com/788e237a01377a64bb49fc42860bb9eb.jpg"
20957,MIDO,"https://static-res-prod-1257137391.cos.ap-beijing.myqcloud.com/29483be9d705885c8842d3e740eebc62.jpg,https://static-res-prod-1257137391.cos.ap-beijing.myqcloud.com/12dfd22e96eabcf21268a6516028ec9e.jpg"
56335,尚品宅配,"https://static-res-prod-1257137391.cos.ap-beijing.myqcloud.com/a24dc8aa676e5de51b84d602ec8c8423.jpg,https://static-res-prod-1257137391.cos.ap-beijing.myqcloud.com/f58ec5a4056b9c8955abb8edffd8d36a.jpg"
20952,酷动数码,"https://static-res-prod-1257137391.cos.ap-beijing.myqcloud.com/dbd9c2006965d8aa274e678a5f2a334a.jpg,https://static-res-prod-1257137391.cos.ap-beijing.myqcloud.com/73db57a2b82c53661b83ba56447190d9.jpg"
56312,雪玲妃,"https://static-res-prod-1257137391.cos.ap-beijing.myqcloud.com/5ca8062282687e7135bf7227608d4595.jpg,https://static-res-prod-1257137391.cos.ap-beijing.myqcloud.com/da387b11d27733bd6b26f8e3973b5c48.jpg"
22077,特步儿童,"https://static-res-prod-1257137391.cos.ap-beijing.myqcloud.com/8765e2dfe131b972f8ef3b62fbefa77a.jpg,https://static-res-prod-1257137391.cos.ap-beijing.myqcloud.com/863e309fb9fe94fa7fe0635701f2e8a0.jpg"
22138,SKECHERS,"https://static-res-prod-1257137391.cos.ap-beijing.myqcloud.com/7ff6f1bf40b59b2b43a998d3861ad287.jpg,https://static-res-prod-1257137391.cos.ap-beijing.myqcloud.com/a69bab30cdc50ff7c6f8953ca87956de.jpg"
56814,林氏木业,"https://static-res-prod-1257137391.cos.ap-beijing.myqcloud.com/41a5196dc02b18ed63e899929ecdf1fc.jpg,https://static-res-prod-1257137391.cos.ap-beijing.myqcloud.com/da961a7e3664609440298abe05eac13d.jpg"
56962,永辉,"https://static-res-prod-1257137391.cos.ap-beijing.myqcloud.com/658bc896ad43c9c4284df9cb2e667130.jpg,https://static-res-prod-1257137391.cos.ap-beijing.myqcloud.com/c2ad24d0bc5fb8045d1513de0dd9eddc.jpg"
56297,格灵岛玩具店,"https://static-res-prod-1257137391.cos.ap-beijing.myqcloud.com/8a2cfb2c3ab4a66285cd66d4d67acd54.jpg,https://static-res-prod-1257137391.cos.ap-beijing.myqcloud.com/76d0c27d364d161972d709f063dd0a6e.jpg"
56309,妙肌,"https://static-res-prod-1257137391.cos.ap-beijing.myqcloud.com/d19e9776f2019b994b2c7a453653e87b.jpg,https://static-res-prod-1257137391.cos.ap-beijing.myqcloud.com/784a80de02fd68ae52604461ae5b3008.jpg"
22775,阿吉豆,"https://static-res-prod-1257137391.cos.ap-beijing.myqcloud.com/b16592bb59b3254924770b5dacbf0cb0.jpg,https://static-res-prod-1257137391.cos.ap-beijing.myqcloud.com/2825dc0e33f7eeb249bac15daa20d63d.jpg"
56839,鹿岛,"https://static-res-prod-1257137391.cos.ap-beijing.myqcloud.com/0d5558ec5fbc78bfdd07495a3fc53c0a.jpg,https://static-res-prod-1257137391.cos.ap-beijing.myqcloud.com/69780024acba997f95eb5a6d2d420a71.jpg"
56217,KFT脚王,"https://static-res-prod-1257137391.cos.ap-beijing.myqcloud.com/52e0b89c079875c2d298ad2fa4b571cf.jpg,https://static-res-prod-1257137391.cos.ap-beijing.myqcloud.com/18589fceaa8edad2d8202ef4b5d03d81.jpg"
56821,UNIQLO,"https://static-res-prod-1257137391.cos.ap-beijing.myqcloud.com/bd8475d8b3205fdd65e863edfd2e4ec2.jpg,https://static-res-prod-1257137391.cos.ap-beijing.myqcloud.com/d39e611c29fa988a727ba0b68b443b3d.jpg"
65165,金派儿,"https://static-res-prod-1257137391.cos.ap-beijing.myqcloud.com/14a3562a25c4bba3a55add3c10050057.jpg,https://static-res-prod-1257137391.cos.ap-beijing.myqcloud.com/7651ea8f2c8968e2f170ea0af650d045.png"
56736,荣耀,"https://static-res-prod-1257137391.cos.ap-beijing.myqcloud.com/ddc69cfb5522c2f8dc9b5ca6ff21c7fe.jpg,https://static-res-prod-1257137391.cos.ap-beijing.myqcloud.com/9ed5261a9cab4b93675cbfbd9e6ed148.jpg"
20935,中国移动,"https://static-res-prod-1257137391.cos.ap-beijing.myqcloud.com/95ca0084f32c8f693fe02a06ee0f0aa5.jpg,https://static-res-prod-1257137391.cos.ap-beijing.myqcloud.com/08e25a4c40e4a7c74e6f555b240092b5.jpg"
56857,周黑鸭,"https://static-res-prod-1257137391.cos.ap-beijing.myqcloud.com/eb81213bb45b0b751032e9a86fbc645a.jpg,https://static-res-prod-1257137391.cos.ap-beijing.myqcloud.com/e608076e8ac0345e79c67a6e4d7edb15.jpg"
10023,杨梅红国际私立美术学校,"https://static-res-prod-1257137391.cos.ap-beijing.myqcloud.com/428d0deb1803d50a0c1aaef89cae8225.jpg,https://static-res-prod-1257137391.cos.ap-beijing.myqcloud.com/985f4dcbb500e8b4935fc579018a83dc.jpg"
15417,瑞思学科英语,"https://static-res-prod-1257137391.cos.ap-beijing.myqcloud.com/a15bf922ee14a770d9a26fcf705bf3b2.jpg,https://static-res-prod-1257137391.cos.ap-beijing.myqcloud.com/2ed56e9924ac73838d01edb3106154df.jpg"
56896,良品铺子,"https://static-res-prod-1257137391.cos.ap-beijing.myqcloud.com/b64f9759a0dd31c674401741f4b31804.jpg,https://static-res-prod-1257137391.cos.ap-beijing.myqcloud.com/20fdd705a9817b28a6c8d9eb00a7dbce.jpg"
17760,潮童星,"https://static-res-prod-1257137391.cos.ap-beijing.myqcloud.com/2c5ebaec7d68858d8c5178fe3d74ee98.jpg,https://static-res-prod-1257137391.cos.ap-beijing.myqcloud.com/071915a6b3443de4fb8a81c8afac4807.jpg"
56943,万达影城,"https://static-res-prod-1257137391.cos.ap-beijing.myqcloud.com/11c83ac56dbe9954fa4918a7d7446ee2.jpg,https://static-res-prod-1257137391.cos.ap-beijing.myqcloud.com/1bb0417ed7908c476297e781c7ee29c4.jpg"
26318,昂立STEM,"https://static-res-prod-1257137391.cos.ap-beijing.myqcloud.com/6f2770a64f8d946d7866ae8c3baf4199.jpg,https://static-res-prod-1257137391.cos.ap-beijing.myqcloud.com/550361adc8464acd96995502a3f0e943.jpg"
22099,安妮花,"https://static-res-prod-1257137391.cos.ap-beijing.myqcloud.com/48493d71066a7256425752f6b33ff9a6.jpg,https://static-res-prod-1257137391.cos.ap-beijing.myqcloud.com/230d50304a25496f3e76997351fbd887.jpg"
56753,季季红火锅,"https://static-res-prod-1257137391.cos.ap-beijing.myqcloud.com/50f6c33f108af2472b5525f06edfd1c3.jpg,https://static-res-prod-1257137391.cos.ap-beijing.myqcloud.com/165f34956c7346f699cf2d0857672b9c.jpg"
56758,蒙自源,"https://static-res-prod-1257137391.cos.ap-beijing.myqcloud.com/4465058af226e09ffc14ab88861602fa.jpg,https://static-res-prod-1257137391.cos.ap-beijing.myqcloud.com/7544efa7353d0b7b899ec2ce415dda4e.jpg"
56880,味千拉面,"https://static-res-prod-1257137391.cos.ap-beijing.myqcloud.com/dac46a4630ec023eceb2cdf2276f6939.jpg,https://static-res-prod-1257137391.cos.ap-beijing.myqcloud.com/254ef0171ffb49ba1e454fe0094dfb85.jpg"
56938,生活无忧,"https://static-res-prod-1257137391.cos.ap-beijing.myqcloud.com/f3cc3a2580f74309247309a6a3168888.jpg,https://static-res-prod-1257137391.cos.ap-beijing.myqcloud.com/d706f2ec63216c16a5593a87a8116797.jpg"
56774,黄记煌,"https://static-res-prod-1257137391.cos.ap-beijing.myqcloud.com/7034acbd8b05bc5fd42ed76dd89d055c.jpg,https://static-res-prod-1257137391.cos.ap-beijing.myqcloud.com/6c780c6b4f0f4a5a06df9d775990cd1d.jpg"
15957,牛牛章鱼水煎肉,"https://static-res-prod-1257137391.cos.ap-beijing.myqcloud.com/f43b17f3604b38a4356cae7e9ebbdaa9.jpg,https://static-res-prod-1257137391.cos.ap-beijing.myqcloud.com/0bdb159021f04a86d7a5caa14462a380.jpg"
56170,都市丽人,"https://static-res-prod-1257137391.cos.ap-beijing.myqcloud.com/778ba727e7e672e8e2ac4fda14c1d460.jpg,https://static-res-prod-1257137391.cos.ap-beijing.myqcloud.com/69fc3d95d9b93a6f41771abf5476742d.jpg"
42158,德韩口腔,"https://static-res-prod-1257137391.cos.ap-beijing.myqcloud.com/4221c6556ecb59bf716ea95ac9e03273.jpg,https://static-res-prod-1257137391.cos.ap-beijing.myqcloud.com/2018023d4777041998410bdb76820337.jpg"
56931,KFC,"https://static-res-prod-1257137391.cos.ap-beijing.myqcloud.com/d9cb2fb43ce42c13d806269f75eb316b.jpg,https://static-res-prod-1257137391.cos.ap-beijing.myqcloud.com/03b4f884944e56a1cf78e23a2f415ce2.jpg"
56744,南京鸭血粉,"https://static-res-prod-1257137391.cos.ap-beijing.myqcloud.com/b3d37584147c91e9413e7f5d4e050d69.jpg,https://static-res-prod-1257137391.cos.ap-beijing.myqcloud.com/05506f8065e9cb4ea0e572ed2892e4a7.jpg"
64174,LEGO education,"https://static-res-prod-1257137391.cos.ap-beijing.myqcloud.com/d4f093b1d6d2a1e836ecffeac9c5303b.jpg,https://static-res-prod-1257137391.cos.ap-beijing.myqcloud.com/adc6c1b46698785fe55e0bc7e34b30cf.png"
15445,安踏,"https://static-res-prod-1257137391.cos.ap-beijing.myqcloud.com/7db53e2cd0095e669450e96be8ade859.jpg,https://static-res-prod-1257137391.cos.ap-beijing.myqcloud.com/5d0f095001987ed373bfa9e501895eed.jpg"
52058,宝岛眼镜,"https://static-res-prod-1257137391.cos.ap-beijing.myqcloud.com/92be8a1b121c1b0584dffdfa437026c3.jpg,https://static-res-prod-1257137391.cos.ap-beijing.myqcloud.com/2918706d9a6e35bccf19289ec70eb8df.jpg"
21182,戈美其,"https://static-res-prod-1257137391.cos.ap-beijing.myqcloud.com/79ec53d554d843aac59885d541a06acf.jpg,https://static-res-prod-1257137391.cos.ap-beijing.myqcloud.com/0f36d957b234acad97609a63aaeea037.jpg"
56836,丸美,"https://static-res-prod-1257137391.cos.ap-beijing.myqcloud.com/02bed0350554f8b67f0aee521437352e.jpg,https://static-res-prod-1257137391.cos.ap-beijing.myqcloud.com/12d015432fd2cbc4bbfdd22ebf30ea37.jpg"
21162,大东,"https://static-res-prod-1257137391.cos.ap-beijing.myqcloud.com/b38fd20a77d2cee1bd040242a15fce18.jpg,https://static-res-prod-1257137391.cos.ap-beijing.myqcloud.com/e5007fc9e180655b723d80d459d8bbcc.jpg"
21751,达仕图,"https://static-res-prod-1257137391.cos.ap-beijing.myqcloud.com/90c4ca614a1f46268b6158e560de3e4f.jpg,https://static-res-prod-1257137391.cos.ap-beijing.myqcloud.com/b3874dff73cf8c2027303962d28115a8.jpg"
21316,那兰图,"https://static-res-prod-1257137391.cos.ap-beijing.myqcloud.com/168eb0275011536e54f87eac3b7331b3.jpg,https://static-res-prod-1257137391.cos.ap-beijing.myqcloud.com/ea155bfe935e77d984534a32d70d22b0.jpg"
10961,增致牛仔,"https://static-res-prod-1257137391.cos.ap-beijing.myqcloud.com/90cd65511f9e00a54ae0dd067705e64b.jpg,https://static-res-prod-1257137391.cos.ap-beijing.myqcloud.com/8d28014f0907e35e0f17740e5432e701.jpg"
21221,卓诗尼,"https://static-res-prod-1257137391.cos.ap-beijing.myqcloud.com/de5433c348f8c140605df2aec1570ea5.jpg,https://static-res-prod-1257137391.cos.ap-beijing.myqcloud.com/3bb5c36261af103c3aebd3492ec3e146.jpg"
10368,启路文具,"https://static-res-prod-1257137391.cos.ap-beijing.myqcloud.com/7bb45010d02544f80b11694e71d6e624.jpg,https://static-res-prod-1257137391.cos.ap-beijing.myqcloud.com/c8d40660135b2319f03635925a267ef9.jpg"
16043,大斌家,"https://static-res-prod-1257137391.cos.ap-beijing.myqcloud.com/cace41fe25812262628e849e5fb9cf7b.jpg,https://static-res-prod-1257137391.cos.ap-beijing.myqcloud.com/b50e71a343f428751a36a40d43d88c21.jpg"
52731,领克,"https://static-res-prod-1257137391.cos.ap-beijing.myqcloud.com/84c9c346c36ce63d76b2b3176c219f8f.jpg,https://static-res-prod-1257137391.cos.ap-beijing.myqcloud.com/e6a24fd2d181891c7cc09f2197147d68.jpg"
11078,寇芭黎,"https://static-res-prod-1257137391.cos.ap-beijing.myqcloud.com/477ebc2290734283e877b5b119e59add.jpg,https://static-res-prod-1257137391.cos.ap-beijing.myqcloud.com/9e8bb904c7068b31e3b3a83079e99ab4.jpg"
22095,Find智慧钢琴学院,"https://static-res-prod-1257137391.cos.ap-beijing.myqcloud.com/fd84f5af830f1d776048658bab06f577.jpg,https://static-res-prod-1257137391.cos.ap-beijing.myqcloud.com/4b29b3d8db17f25169bff666a4901f7a.jpg"
21747,朗香,"https://static-res-prod-1257137391.cos.ap-beijing.myqcloud.com/d2730f16a085d73816175c4348b7c7eb.jpg,https://static-res-prod-1257137391.cos.ap-beijing.myqcloud.com/d2c6bb50a9f7cd882cb0f5928d5434c6.jpg"
12436,VIVO,"https://static-res-prod-1257137391.cos.ap-beijing.myqcloud.com/5f5e72e382e47bfe7aab3bd303cba4aa.jpg,https://static-res-prod-1257137391.cos.ap-beijing.myqcloud.com/3a6fabf17dbb4e5ceb59fd91df5b2c09.jpg"
22705,奥康,"https://static-res-prod-1257137391.cos.ap-beijing.myqcloud.com/724563861b074e120b2c7b672ef4e2fa.jpg,https://static-res-prod-1257137391.cos.ap-beijing.myqcloud.com/233588707e6ec0f226541c95d6d2b9df.jpg"
15634,balabala,"https://static-res-prod-1257137391.cos.ap-beijing.myqcloud.com/fed84f644401cac032f2342eb6c777c3.jpg,https://static-res-prod-1257137391.cos.ap-beijing.myqcloud.com/b3847fd9e1f3a038cc5908cdf5a5e0fc.jpg"
16193,DQ,"https://static-res-prod-1257137391.cos.ap-beijing.myqcloud.com/d850e3a9b031c1070bebd9a82e93e616.jpg,https://static-res-prod-1257137391.cos.ap-beijing.myqcloud.com/bf0938fe2aa432e03178fc9fa97d33d9.jpg"
56955,S.DEER,"https://static-res-prod-1257137391.cos.ap-beijing.myqcloud.com/ebde582a96b1facffae39b16dd98d375.jpg,https://static-res-prod-1257137391.cos.ap-beijing.myqcloud.com/80f40e2aeea0956d8a1417862f906986.jpg"
56797,I DO,"https://static-res-prod-1257137391.cos.ap-beijing.myqcloud.com/7ccf534d180ec9ab7ac274e442e8c8e1.jpg,https://static-res-prod-1257137391.cos.ap-beijing.myqcloud.com/835a3f543a0c059359cab00a67702a2d.jpg"
56733,曼妮芬,"https://static-res-prod-1257137391.cos.ap-beijing.myqcloud.com/f6d41ca87434bc6343e9e52031e35391.jpg,https://static-res-prod-1257137391.cos.ap-beijing.myqcloud.com/7c5f609e4db3a700c01b52d1ae8c66e6.jpg"
56771,裕鼎鲜,"https://static-res-prod-1257137391.cos.ap-beijing.myqcloud.com/5b355198393783729a5e2b3dfb694c95.jpg,https://static-res-prod-1257137391.cos.ap-beijing.myqcloud.com/0ff7de9e423192647e85c1f43c99e048.jpg"
12494,LOVE&LOVE,"https://static-res-prod-1257137391.cos.ap-beijing.myqcloud.com/a8f3b0a767cb479bfce69e9b81f2575b.jpg,https://static-res-prod-1257137391.cos.ap-beijing.myqcloud.com/b54c4d2061c71afee0c9ea86c63b20f3.jpg"
9981,乐町,"https://static-res-prod-1257137391.cos.ap-beijing.myqcloud.com/a862ba5c78bd2da54330839b4321d755.jpg,https://static-res-prod-1257137391.cos.ap-beijing.myqcloud.com/f8f270c58ce7d6354648bc8426ab3258.jpg"
22155,361°kids,"https://static-res-prod-1257137391.cos.ap-beijing.myqcloud.com/0e792042a9ff739be85ffb70ee06ac36.jpg,https://static-res-prod-1257137391.cos.ap-beijing.myqcloud.com/122b14a3a2a3859a4f2f236d627b85d4.jpg"
22696,博士眼镜,"https://static-res-prod-1257137391.cos.ap-beijing.myqcloud.com/eafee02e95c97d57ccf7195f2fbd252a.jpg,https://static-res-prod-1257137391.cos.ap-beijing.myqcloud.com/ec913f5fd9a71777735f2d55009dcb46.jpg,https://static-res-prod-1257137391.cos.ap-beijing.myqcloud.com/1cdb35b07f43ecc8aa0eeb52844473cc.jpg"
16056,壹寿司,"https://static-res-prod-1257137391.cos.ap-beijing.myqcloud.com/71461eb40e813d9f9ca5d41e0d904645.jpg,https://static-res-prod-1257137391.cos.ap-beijing.myqcloud.com/bcfda9d34d0f266c19c1101385a2bf86.jpg"
15894,鲜锋者,"https://static-res-prod-1257137391.cos.ap-beijing.myqcloud.com/cfed86b13d983b7e2c36549edfc9b625.jpg,https://static-res-prod-1257137391.cos.ap-beijing.myqcloud.com/86c1fe4f20fa6fe0d0654fd9d177cbf1.jpg"
22147,Cangpike,"https://static-res-prod-1257137391.cos.ap-beijing.myqcloud.com/d4a69e16c579cdde68bede145973eb64.jpg,https://static-res-prod-1257137391.cos.ap-beijing.myqcloud.com/6255e4caaa5128f8f6d9fc14771b94f7.jpg"
56339,米高轮滑,"https://static-res-prod-1257137391.cos.ap-beijing.myqcloud.com/8a43daa9e5173214d85e8830a556fe92.jpg,https://static-res-prod-1257137391.cos.ap-beijing.myqcloud.com/87f47f4f0ea96d148a569682d6650703.jpg"
9934,Inshop,"https://static-res-prod-1257137391.cos.ap-beijing.myqcloud.com/d7ae93130a228c9a6a81db1217545124.jpg,https://static-res-prod-1257137391.cos.ap-beijing.myqcloud.com/dfb4a99bcf8ab193a28753f512deaf07.jpg"
20963,LOHO,"https://static-res-prod-1257137391.cos.ap-beijing.myqcloud.com/37890ed117b7a0a67d937a5b48acf2d4.jpg,https://static-res-prod-1257137391.cos.ap-beijing.myqcloud.com/9e6ea41fbead48aecbf767414750fbf5.jpg"
16614,吉布鲁,"https://static-res-prod-1257137391.cos.ap-beijing.myqcloud.com/56bfc2db6238c93da370d2215ef63410.jpg,https://static-res-prod-1257137391.cos.ap-beijing.myqcloud.com/86f62a338399c38db6d6327719ebad03.jpg"
21771,UP MARK,"https://static-res-prod-1257137391.cos.ap-beijing.myqcloud.com/795c14dd299298704a0f2dac6d143e80.jpg,https://static-res-prod-1257137391.cos.ap-beijing.myqcloud.com/bd4944faf2172022dc6fd43bca39ca09.jpg"
22159,361°,"https://static-res-prod-1257137391.cos.ap-beijing.myqcloud.com/124174b923b8c7a8dfce482ec64e64db.jpg,https://static-res-prod-1257137391.cos.ap-beijing.myqcloud.com/e34cbcf29e3c0a99bf4b2192c54f5d7f.jpg"
15322,花生壳,"https://static-res-prod-1257137391.cos.ap-beijing.myqcloud.com/ae39905f1a6b9eee4757e9908993dea8.jpg,https://static-res-prod-1257137391.cos.ap-beijing.myqcloud.com/eedf3865746670f19743b884fbbc42db.jpg"
16182,德庄,"https://static-res-prod-1257137391.cos.ap-beijing.myqcloud.com/bda58b8c93dec04412f424e797a68e87.jpg,https://static-res-prod-1257137391.cos.ap-beijing.myqcloud.com/73beceb890f5e0bbcd6b79176ae6e69c.jpg"
56747,馋猫肉蟹煲,"https://static-res-prod-1257137391.cos.ap-beijing.myqcloud.com/026b7fb4a4fca3573c7ad23ab5856aa1.jpg,https://static-res-prod-1257137391.cos.ap-beijing.myqcloud.com/c6bc1cf90e4395d7ba3f79c81d77330b.jpg"
59874,x盛黄金银楼,"https://static-res-prod-1257137391.cos.ap-beijing.myqcloud.com/d2ed8cdaabdbb88602901c8fdce97cfa.jpg,https://static-res-prod-1257137391.cos.ap-beijing.myqcloud.com/ca8d83e306e4b3a3e7710aa703cb30cb.jpg"
16169,香兰叶子,"https://static-res-prod-1257137391.cos.ap-beijing.myqcloud.com/bc9e7f49168198fc7ca008a6b54891dd.jpg,https://static-res-prod-1257137391.cos.ap-beijing.myqcloud.com/dbdbd5494949a3637695bb58f434e7f6.jpg"
10057,V尚2000,"https://static-res-prod-1257137391.cos.ap-beijing.myqcloud.com/5ab75ae9a4b0b338d51f0159afc58018.jpg,https://static-res-prod-1257137391.cos.ap-beijing.myqcloud.com/c80f31dd0c399ec112b833cb2e44708e.jpg"
12409,satchi,"https://static-res-prod-1257137391.cos.ap-beijing.myqcloud.com/855e56655a993519aed632d24cfcdb73.jpg,https://static-res-prod-1257137391.cos.ap-beijing.myqcloud.com/43714fd0c96be0262f599502abdb6e97.jpg"
10107,佳美美荟医疗美容,"https://static-res-prod-1257137391.cos.ap-beijing.myqcloud.com/de4fb1de60bb4be624327675089f79dc.jpg,https://static-res-prod-1257137391.cos.ap-beijing.myqcloud.com/f89bf7d594028d2d4ad9ccd81ca64965.jpg"
15907,九田家,"https://static-res-prod-1257137391.cos.ap-beijing.myqcloud.com/27a0d3123c1698e2720b47492f4f381d.jpg,https://static-res-prod-1257137391.cos.ap-beijing.myqcloud.com/7559663796c3c54aa7eac5746f204f24.jpg"
66124,燕之屋,"https://static-res-prod-1257137391.cos.ap-beijing.myqcloud.com/9ad1c3aa5fdce745f1f95e99c94a05d7.jpg,https://static-res-prod-1257137391.cos.ap-beijing.myqcloud.com/022f40920b7f8f67f0fe100dad74a6ed.jpg"
12509,名至珠,"https://static-res-prod-1257137391.cos.ap-beijing.myqcloud.com/3dc56ef6e36d174acd443da77b2666e5.jpg,https://static-res-prod-1257137391.cos.ap-beijing.myqcloud.com/0c69c5101a63a64b0e0906574b6c06b4.jpg"
